PDF No,Application No,Appeal No,Interference No,Publication No,Publication Date,Patent No,Issue Date,Decision Date,Inventor,Case No
1.0,13223313,2015003342,NONE,20130060357A1,20130307,NONE,-1,20160921,Ex Parte Li et al,NONE
1.1,13524610,2014009181,NONE,20130338885A1,20131219,NONE,-1,20160921,Ex Parte Kirk et al,NONE
1.2,13526438,2014009641,NONE,20120253877A1,20121004,NONE,-1,20160921,Ex Parte Muller et al,NONE
1.3,13490020,2015003201,NONE,20120246138A1,20120927,NONE,-1,20160921,Ex Parte Carraher et al,NONE
1.4,13432519,2014003823,NONE,20120237986A1,20120920,NONE,-1,20160921,Ex Parte Ziyatdinov et al,NONE
1.5,13449080,2015005460,NONE,20120201355A1,20120809,NONE,-1,20160921,Ex Parte Butzine et al,NONE
1.6,13381078,2015003921,NONE,20120230914A1,20120913,NONE,-1,20160921,Ex Parte Watanabe et al,NONE
1.7,90013418,2016007605,NONE,NONE,-1,NONE,-1,20160921,"Ex Parte 6,493,377  B2 et al",NONE
1.8,14013135,2015000959,NONE,20130340570A1,20131226,NONE,-1,20160921,Ex Parte Whitcomb et al,NONE
1.9,14134697,2015006941,NONE,20140106771A1,20140417,NONE,-1,20160921,Ex Parte Larsson et al,NONE
1.10,14177997,2016007145,NONE,20150223638A1,20150813,NONE,-1,20160921,Ex Parte Davis,NONE
1.11,13628421,2015005462,NONE,20140089510A1,20140327,NONE,-1,20160921,Ex Parte Hao et al,NONE
1.12,10900415,2015000769,NONE,20060024361A1,20060202,NONE,-1,20160921,Ex Parte Odidi et al,NONE
1.13,10733727,2015004069,NONE,20050128295A1,20050616,NONE,-1,20160921,Ex Parte Addy,NONE
1.14,12071005,2015006713,NONE,20080181375A1,20080731,NONE,-1,20160921,Ex Parte Holder et al,NONE
1.15,11928251,2015000121,NONE,20080140396A1,20080612,NONE,-1,20160921,Ex Parte Grosse-Schulte et al,NONE
1.16,11719182,2014006764,NONE,20090076653A1,20090319,NONE,-1,20160921,Ex Parte Hietmann et al,NONE
1.17,11720384,2015000657,NONE,20080305946A1,20081211,NONE,-1,20160921,Ex Parte Cao et al,NONE
1.18,11549608,2014009506,NONE,20080138028A1,20080612,NONE,-1,20160921,Ex Parte Grady et al,NONE
1.19,11560267,2015000046,NONE,20070107722A1,20070517,NONE,-1,20160921,Ex Parte Hoelz et al,NONE
1.20,11372540,2013010369,NONE,20070214111A1,20070913,NONE,-1,20160921,Ex Parte Jin et al,NONE
1.21,12362664,2015003763,NONE,20090196401A1,20090806,NONE,-1,20160921,Ex Parte Awan et al,NONE
1.22,12293574,2015002488,NONE,20100233512A1,20100916,NONE,-1,20160921,Ex Parte Tsujiuchi,NONE
1.23,12255439,2015003507,NONE,20100097472A1,20100422,NONE,-1,20160921,Ex Parte Chathukutty et al,NONE
1.24,12122497,2014001065,NONE,20090287522A1,20091119,NONE,-1,20160921,Ex Parte Motoyama et al,NONE
1.25,12131395,2015002464,NONE,20090260023A1,20091015,NONE,-1,20160921,Ex Parte Murthy et al,NONE
1.26,12632943,2015003104,NONE,20100085430A1,20100408,NONE,-1,20160921,Ex Parte Kreiner et al,NONE
1.27,12631055,2014008323,NONE,20110135957A1,20110609,NONE,-1,20160921,Ex Parte Goller et al,NONE
1.28,12595147,2014008436,NONE,20100143249A1,20100610,NONE,-1,20160921,Ex Parte Moser et al,NONE
1.29,12577785,2014008335,NONE,20100029878A1,20100204,NONE,-1,20160921,Ex Parte MATSUOKA et al,NONE
1.30,12533731,2015000159,NONE,20100030259A1,20100204,NONE,-1,20160921,Ex Parte Pavcnik et al,NONE
1.31,12499667,2014008180,NONE,20110008567A1,20110113,NONE,-1,20160921,Ex Parte Weeks et al,NONE
1.32,12486274,2014003095,NONE,20100322774A1,20101223,NONE,-1,20160921,Ex Parte Morrison,NONE
1.33,12456418,2013003387,NONE,20090264815A1,20091022,NONE,-1,20160921,Ex Parte Grogan,NONE
1.34,12869871,2015005324,NONE,20120050816A1,20120301,NONE,-1,20160921,Ex Parte Plante et al,NONE
1.35,12861974,2014006606,NONE,20120053501A1,20120301,NONE,-1,20160921,Ex Parte Brown,NONE
1.36,12828368,2015005715,NONE,20110199480A1,20110818,NONE,-1,20160921,Ex Parte LEV et al,NONE
1.37,12808013,2015002499,NONE,20100272994A1,20101028,NONE,-1,20160921,Ex Parte Carlson et al,NONE
1.38,12784052,2014008175,NONE,20110284321A1,20111124,NONE,-1,20160921,Ex Parte Hall et al,NONE
1.39,12765192,2015004973,NONE,20100270158A1,20101028,NONE,-1,20160921,Ex Parte Logan,NONE
1.40,12748141,2015001714,NONE,20100243164A1,20100930,NONE,-1,20160921,Ex Parte Sharpless et al,NONE
1.41,12738306,2015002932,NONE,20100223328A1,20100902,NONE,-1,20160921,Ex Parte Haataja et al,NONE
1.42,12701823,2015007128,NONE,20100217418A1,20100826,NONE,-1,20160921,Ex Parte Fontanot,NONE
1.43,12707753,2015004526,NONE,20100211633A1,20100819,NONE,-1,20160921,Ex Parte Dingfelder et al,NONE
1.44,12664177,2014002943,NONE,20100291636A1,20101118,NONE,-1,20160921,Ex Parte Johansson et al,NONE
1.45,12673839,2014007838,NONE,20110027568A1,20110203,NONE,-1,20160921,Ex Parte Nihlstrand et al,NONE
1.46,13028595,2015006551,NONE,20110205182A1,20110825,NONE,-1,20160921,Ex Parte MIYAZAWA et al,NONE
1.47,13015501,2014004350,NONE,20120197652A1,20120802,NONE,-1,20160921,Ex Parte Corrigan et al,NONE
1.48,13000941,2014009291,NONE,20110283677A1,20111124,NONE,-1,20160921,Ex Parte Kaefer,NONE
1.49,13002652,2015004840,NONE,20110119434A1,20110519,NONE,-1,20160921,Ex Parte Brown,NONE
1.50,13009117,2014009523,NONE,20120185054A1,20120719,NONE,-1,20160921,Ex Parte Maloney et al,NONE
1.51,12991502,2015004677,NONE,20110058542A1,20110310,NONE,-1,20160921,Ex Parte Nylander et al,NONE
1.52,12989822,2015003531,NONE,20110043129A1,20110224,NONE,-1,20160921,Ex Parte Koolen,NONE
1.53,12978859,2015003114,NONE,20110188371A1,20110804,NONE,-1,20160921,Ex Parte BRUNNBERG et al,NONE
1.54,12972756,2015005024,NONE,20120158772A1,20120621,NONE,-1,20160921,Ex Parte Shafran et al,NONE
1.55,12958103,2015000757,NONE,20120137539A1,20120607,NONE,-1,20160921,Ex Parte Law,NONE
1.56,12940075,2015005799,NONE,20120111522A1,20120510,NONE,-1,20160921,Ex Parte Bullied et al,NONE
1.57,12924351,2013009068,NONE,20110020921A1,20110127,NONE,-1,20160921,Ex Parte Kluttz et al,NONE
1.58,12933092,2015004053,NONE,20110088733A1,20110421,NONE,-1,20160921,Ex Parte B¿sing et al,NONE
1.59,12890286,2014007407,NONE,20110015667A1,20110120,NONE,-1,20160921,Ex Parte Gonzales et al,NONE
2.0,13203298,2015006764,NONE,20120007725A1,20120112,NONE,-1,20160921,Ex Parte Penisoara et al,NONE
2.1,13164267,2015003157,NONE,20120320126A1,20121220,NONE,-1,20160921,Ex Parte Martin et al,NONE
2.2,13158122,2014009022,NONE,20120313857A1,20121213,NONE,-1,20160921,Ex Parte Senanayake et al,NONE
2.3,13130672,2015001746,NONE,20110245377A1,20111006,NONE,-1,20160921,Ex Parte Scheim et al,NONE
2.4,13126914,2015002015,NONE,20110203937A1,20110825,NONE,-1,20160921,Ex Parte Sidhu,NONE
2.5,13030273,2015003941,NONE,20110142931A1,20110616,NONE,-1,20160921,Ex Parte Bunick et al,NONE
2.6,13384764,2015003744,NONE,20120198543A1,20120802,NONE,-1,20160921,Ex Parte Rogers et al,NONE
2.7,13355862,2015005360,NONE,20120212489A1,20120823,NONE,-1,20160921,Ex Parte FISK,NONE
2.8,13339153,2015005606,NONE,20120101644A1,20120426,NONE,-1,20160921,Ex Parte Evans et al,NONE
2.9,13309039,2015003180,NONE,20130086093A1,20130404,NONE,-1,20160921,Ex Parte Lundberg,NONE
2.10,13315736,2014005476,NONE,20120165835A1,20120628,NONE,-1,20160921,Ex Parte Huisinga et al,NONE
2.11,13291075,2015004626,NONE,20120159549A1,20120621,NONE,-1,20160921,Ex Parte Douillet et al,NONE
2.12,13282714,2014006109,NONE,20130110579A1,20130502,NONE,-1,20160921,Ex Parte Aydin et al,NONE
2.13,13272960,2014009966,NONE,20120035675A1,20120209,NONE,-1,20160921,Ex Parte Walker et al,NONE
2.14,13249536,2014007684,NONE,20120081552A1,20120405,NONE,-1,20160921,Ex Parte Sablak et al,NONE
2.15,13241497,2014006658,NONE,20120010556A1,20120112,NONE,-1,20160921,Ex Parte Faul et al,NONE
2.16,10757708,2015001466,NONE,20050191358A1,20050901,NONE,-1,20160920,Ex Parte O et al,NONE
2.17,13616660,2015003316,NONE,20130002903A1,20130103,NONE,-1,20160920,Ex Parte Manico et al,NONE
2.18,10868093,2015002030,NONE,20060036720A1,20060216,NONE,-1,20160920,Ex Parte Faulk,NONE
2.19,10664244,2015005156,NONE,20050039211A1,20050217,NONE,-1,20160920,Ex Parte Washino,NONE
2.20,12006702,2015004564,NONE,20080165185A1,20080710,NONE,-1,20160920,Ex Parte Smith et al,NONE
2.21,12011652,2015001500,NONE,20080181931A1,20080731,NONE,-1,20160920,Ex Parte Qiu et al,NONE
2.22,11964238,2015000455,NONE,20090069915A1,20090312,NONE,-1,20160920,Ex Parte Khedouri et al,NONE
2.23,11912306,2015002379,NONE,20090008325A1,20090108,NONE,-1,20160920,Ex Parte Ju et al,NONE
2.24,11649720,2015000604,NONE,20070214519A1,20070913,NONE,-1,20160920,Ex Parte Fujiyama et al,NONE
2.25,11570691,NONE,106008,20080200409A1,20080821,7807816,20101005,20160920,Wilton et al. V. Wilton et al. V. Van Deutekom,NONE
2.26,11542267,2015004345,NONE,20070078220A1,20070405,NONE,-1,20160920,Ex Parte Pudleiner et al,NONE
2.27,11331606,2015006696,NONE,20060161663A1,20060720,NONE,-1,20160920,Ex Parte Palm,NONE
2.28,12419218,2014007798,NONE,20090298716A1,20091203,NONE,-1,20160920,Ex Parte Stuelpnagel et al,NONE
2.29,12349738,2014005876,NONE,20090177489A1,20090709,NONE,-1,20160920,Ex Parte Martinez et al,NONE
2.30,12321545,2015002647,NONE,20100182232A1,20100722,NONE,-1,20160920,Ex Parte Zamoyski,NONE
2.31,12299064,2015005544,NONE,20090219860A1,20090903,NONE,-1,20160920,Ex Parte Tanno et al,NONE
2.32,12239657,2013010366,NONE,20090094377A1,20090409,NONE,-1,20160920,Ex Parte Zahavi et al,NONE
2.33,12639882,2014006065,NONE,20100178413A1,20100715,NONE,-1,20160920,Ex Parte Gorris,NONE
2.34,12577526,2014007019,NONE,20100040051A1,20100218,NONE,-1,20160920,Ex Parte LEE,NONE
2.35,12521793,2014003571,NONE,20100112605A1,20100506,NONE,-1,20160920,Ex Parte Paul et al,NONE
2.36,12525731,2014006959,NONE,20100090059A1,20100415,NONE,-1,20160920,Ex Parte Johnson,NONE
2.37,12503527,2014007788,NONE,20090276944A1,20091112,NONE,-1,20160920,Ex Parte Hand et al,NONE
2.38,12487709,2014006958,NONE,20100018246A1,20100128,NONE,-1,20160920,Ex Parte Wolfe et al,NONE
2.39,12473413,2015002842,NONE,20100305912A1,20101202,NONE,-1,20160920,Ex Parte Viassolo et al,NONE
2.40,12466148,2014005313,NONE,20100289620A1,20101118,NONE,-1,20160920,Ex Parte Aminger et al,NONE
2.41,12858140,2015005899,NONE,20110050628A1,20110303,NONE,-1,20160920,Ex Parte Homma et al,NONE
2.42,12860078,NONE,106008,20110046203A1,20110224,7960541,20110614,20160920,Wilton et al. V. Wilton et al. V. Van Deutekom,NONE
2.43,12806749,2014006882,NONE,20110043089A1,20110224,NONE,-1,20160920,Ex Parte Chubb et al,NONE
2.44,12772035,2014002814,NONE,20110288769A1,20111124,NONE,-1,20160920,Ex Parte GUDAT et al,NONE
2.45,12762091,2014006351,NONE,20110038860A1,20110217,NONE,-1,20160920,Ex Parte ZENG et al,NONE
2.46,12747702,2014001900,NONE,20100283003A1,20101111,NONE,-1,20160920,Ex Parte Siemer et al,NONE
2.47,12742171,2015001426,NONE,20100273787A1,20101028,NONE,-1,20160920,Ex Parte Schwarcz et al,NONE
2.48,12728792,2015002416,NONE,20110143121A1,20110616,NONE,-1,20160920,Ex Parte Deiss,NONE
2.49,12708029,2015005098,NONE,20100264226A1,20101021,NONE,-1,20160920,Ex Parte Loughran et al,NONE
2.50,12672385,2015004135,NONE,20110139106A1,20110616,NONE,-1,20160920,Ex Parte Rissio,NONE
2.51,13013247,2015007413,NONE,20120191223A1,20120726,NONE,-1,20160920,Ex Parte Dharwada et al,NONE
2.52,12974635,2015005556,NONE,20120158827A1,20120621,NONE,-1,20160920,Ex Parte Mathews,NONE
2.53,12944053,2015007407,NONE,20110131485A1,20110602,NONE,-1,20160920,Ex Parte Bao et al,NONE
2.54,12944791,2014009244,NONE,20110056936A1,20110310,NONE,-1,20160920,Ex Parte NAKANO et al,NONE
2.55,12906256,2015003084,NONE,20120092020A1,20120419,NONE,-1,20160920,Ex Parte ZHOU et al,NONE
2.56,12878448,2014008321,NONE,20110061616A1,20110317,NONE,-1,20160920,Ex Parte WATANABE,NONE
2.57,13193452,2015005838,NONE,20130031226A1,20130131,NONE,-1,20160920,Ex Parte Liverance et al,NONE
2.58,13117166,2015006898,NONE,20110293428A1,20111201,NONE,-1,20160920,Ex Parte Tsypkaykin et al,NONE
2.59,13119111,2015005508,NONE,20110165361A1,20110707,NONE,-1,20160920,Ex Parte Sherman et al,NONE
3.0,13127066,2015001296,NONE,20110319607A1,20111229,NONE,-1,20160920,Ex Parte Bertholdt et al,NONE
3.1,13103493,2014008812,NONE,20120086277A1,20120412,NONE,-1,20160920,Ex Parte Hjort et al,NONE
3.2,13113127,2015003769,NONE,20120301646A1,20121129,NONE,-1,20160920,Ex Parte List et al,NONE
3.3,13097520,2014008610,NONE,20110307070A1,20111215,NONE,-1,20160920,Ex Parte Clerc et al,NONE
3.4,13098437,2015004612,NONE,20110271195A1,20111103,NONE,-1,20160920,Ex Parte Bose et al,NONE
3.5,13310244,2015000322,NONE,20130018375A1,20130117,NONE,-1,20160920,Ex Parte Dell,NONE
3.6,13247182,2015004178,NONE,20120328843A1,20121227,NONE,-1,20160920,Ex Parte Cleary et al,NONE
3.7,13215815,2015004169,NONE,20130050005A1,20130228,NONE,-1,20160920,Ex Parte Liu et al,NONE
3.8,13596847,2014005623,NONE,20140075854A1,20140320,NONE,-1,20160920,Ex Parte Cox,NONE
3.9,13607494,2014008022,NONE,20130005587A1,20130103,NONE,-1,20160920,Ex Parte Regan,NONE
3.10,13550210,NONE,106008,20130072671A1,20130321,NONE,-1,20160920,Wilton et al. V. Wilton et al. V. Van Deutekom,NONE
3.11,13406489,2015002993,NONE,20120219497A1,20120830,NONE,-1,20160920,Ex Parte WELLISZ et al,NONE
3.12,13407969,2014006116,NONE,20120229009A1,20120913,NONE,-1,20160920,Ex Parte FUKUMOTO,NONE
3.13,13851601,2015006617,NONE,20130215015A1,20130822,NONE,-1,20160920,Ex Parte Hatambeiki et al,NONE
3.14,13856282,2015003341,NONE,20130235042A1,20130912,NONE,-1,20160920,Ex Parte WOLFE et al,NONE
3.15,13913107,2015006839,NONE,20130275487A1,20131017,NONE,-1,20160920,Ex Parte Little,NONE
3.16,10830001,2015000021,NONE,20040265261A1,20041230,NONE,-1,20160920,Ex Parte Kohut et al,NONE
3.17,13087655,2015003733,NONE,20110256296A1,20111020,NONE,-1,20160919,Ex Parte Thorson et al,NONE
3.18,13033955,2014005666,NONE,20110138960A1,20110616,NONE,-1,20160919,Ex Parte OMANN et al,NONE
3.19,13356872,2015005139,NONE,20130187834A1,20130725,NONE,-1,20160919,Ex Parte NOHARA,NONE
3.20,13358192,2015005914,NONE,20120123878A1,20120517,NONE,-1,20160919,Ex Parte LUTNICK,NONE
3.21,13346793,2014009837,NONE,20130174385A1,20130711,NONE,-1,20160919,Ex Parte Saunders et al,NONE
3.22,13334431,2015005284,NONE,20130162683A1,20130627,NONE,-1,20160919,Ex Parte Paretti et al,NONE
3.23,13289456,2015001929,NONE,20120112927A1,20120510,NONE,-1,20160919,Ex Parte GRIECO et al,NONE
3.24,13283366,2014006114,NONE,20120087602A1,20120412,NONE,-1,20160919,Ex Parte Hui,NONE
3.25,13283756,2015005455,NONE,20130110262A1,20130502,NONE,-1,20160919,Ex Parte ABRAMOVITCH et al,NONE
3.26,13248860,2014009153,NONE,20130083060A1,20130404,NONE,-1,20160919,Ex Parte Lawson et al,NONE
3.27,13244415,2014004590,NONE,20120109257A1,20120503,NONE,-1,20160919,Ex Parte Yoo et al,NONE
3.28,13597214,2015003314,NONE,20130288114A1,20131031,NONE,-1,20160919,Ex Parte An et al,NONE
3.29,13605393,2014003537,NONE,20130060638A1,20130307,NONE,-1,20160919,Ex Parte Gadhia et al,NONE
3.30,13605495,2014003538,NONE,20130060632A1,20130307,NONE,-1,20160919,Ex Parte Gadhia et al,NONE
3.31,13550328,2015003001,NONE,20120281664A1,20121108,NONE,-1,20160919,Ex Parte Chen,NONE
3.32,13535621,2015002989,NONE,20130191337A1,20130725,NONE,-1,20160919,Ex Parte GOLDBERG,NONE
3.33,13479819,2014009732,NONE,20130055665A1,20130307,NONE,-1,20160919,Ex Parte QIONG,NONE
3.34,13416167,2015001777,NONE,20120161981A1,20120628,NONE,-1,20160919,Ex Parte GRIECO et al,NONE
3.35,13416721,2015004708,NONE,20130057700A1,20130307,NONE,-1,20160919,Ex Parte Yi et al,NONE
3.36,13406949,2014009282,NONE,20120266437A1,20121025,NONE,-1,20160919,Ex Parte Camello et al,NONE
3.37,13377873,2015003526,NONE,20120090873A1,20120419,NONE,-1,20160919,Ex Parte Gundel,NONE
3.38,95002386,2015007934,NONE,NONE,-1,NONE,-1,20160919,Ex Parte 8245764 et al,NONE
3.39,95002027,2016002874,NONE,NONE,-1,NONE,-1,20160919,Ex Parte 8073744 et al,NONE
3.40,14258680,2016007237,NONE,20140324009A1,20141030,NONE,-1,20160919,Ex Parte Lee et al,NONE
3.41,13793361,2016005700,NONE,20140259019A1,20140911,NONE,-1,20160919,Ex Parte Enright,NONE
3.42,13618818,2015003041,NONE,20130117718A1,20130509,NONE,-1,20160919,Ex Parte LAZARIDIS et al,NONE
3.43,11270165,2015002337,NONE,20070115929A1,20070524,NONE,-1,20160919,Ex Parte Collins et al,NONE
3.44,11200407,2015003742,NONE,20060204113A1,20060914,NONE,-1,20160919,Ex Parte Wang et al,NONE
3.45,10805678,2015001124,NONE,20050210401A1,20050922,NONE,-1,20160919,Ex Parte Ketola et al,NONE
3.46,10509641,2015005142,NONE,20050145579A1,20050707,NONE,-1,20160919,Ex Parte Drohmann et al,NONE
3.47,10398179,2014006990,NONE,20040094486A1,20040520,NONE,-1,20160919,Ex Parte Drohmann et al,NONE
3.48,10404297,2015005657,NONE,20040193595A1,20040930,NONE,-1,20160919,Ex Parte Kaminsky et al,NONE
3.49,10127109,2014002461,NONE,20030120601A1,20030626,NONE,-1,20160919,Ex Parte Ouye et al,NONE
3.50,12039069,2015003552,NONE,20090137047A1,20090528,NONE,-1,20160919,Ex Parte Regan et al,NONE
3.51,11991549,2013006071,NONE,20090119720A1,20090507,NONE,-1,20160919,Ex Parte Deuel et al,NONE
3.52,11999845,2015006314,NONE,20080152185A1,20080626,NONE,-1,20160919,Ex Parte Puckette,NONE
3.53,11946087,2015002389,NONE,20090133796A1,20090528,NONE,-1,20160919,Ex Parte Harding et al,NONE
3.54,11833754,2015003551,NONE,20090035463A1,20090205,NONE,-1,20160919,Ex Parte Dip,NONE
3.55,11464909,2013010483,NONE,20070031775A1,20070208,NONE,-1,20160919,Ex Parte Andreiko,NONE
3.56,11478551,2014005648,NONE,20080003584A1,20080103,NONE,-1,20160919,Ex Parte Hyde et al,NONE
3.57,11445079,2014004615,NONE,20070282425A1,20071206,NONE,-1,20160919,Ex Parte Kleine et al,NONE
3.58,12435310,2014002848,NONE,20100042502A1,20100218,NONE,-1,20160919,Ex Parte Farmanfarmaian et al,NONE
3.59,12395475,2015006722,NONE,20100223542A1,20100902,NONE,-1,20160919,Ex Parte VUONG et al,NONE
4.0,12380457,2015007006,NONE,20100223637A1,20100902,NONE,-1,20160919,Ex Parte Hubbard,NONE
4.1,12351291,2015001922,NONE,20100180329A1,20100715,NONE,-1,20160919,Ex Parte Guski et al,NONE
4.2,12330545,2014002453,NONE,20100145833A1,20100610,NONE,-1,20160919,Ex Parte Hamilton et al,NONE
4.3,12333441,2013008618,NONE,20090153541A1,20090618,NONE,-1,20160919,Ex Parte YUSA,NONE
4.4,12308340,2015006833,NONE,20100194606A1,20100805,NONE,-1,20160919,Ex Parte Otte,NONE
4.5,12309264,2015001538,NONE,20090317670A1,20091224,NONE,-1,20160919,Ex Parte Taniguchi et al,NONE
4.6,12214111,2015000470,NONE,20080260898A1,20081023,NONE,-1,20160919,Ex Parte Stojanovic,NONE
4.7,12192799,2014002757,NONE,20090070218A1,20090312,NONE,-1,20160919,Ex Parte Farmanfarmaian,NONE
4.8,12158180,2015004144,NONE,20090175998A1,20090709,NONE,-1,20160919,Ex Parte Shibata,NONE
4.9,12135948,2015006070,NONE,20080307342A1,20081211,NONE,-1,20160919,Ex Parte Furches et al,NONE
4.10,12106774,2015006068,NONE,20080199180A1,20080821,NONE,-1,20160919,Ex Parte Yang et al,NONE
4.11,12066745,2013009050,NONE,20080280625A1,20081113,NONE,-1,20160919,Ex Parte Larsen,NONE
4.12,12652464,2015003476,NONE,20100170868A1,20100708,NONE,-1,20160919,Ex Parte Lin et al,NONE
4.13,12654651,2015000405,NONE,20110159198A1,20110630,NONE,-1,20160919,Ex Parte McLean et al,NONE
4.14,12632935,2015001351,NONE,20100085674A1,20100408,NONE,-1,20160919,Ex Parte Martins,NONE
4.15,12638821,2015005079,NONE,20110140896A1,20110616,NONE,-1,20160919,Ex Parte Menzel,NONE
4.16,12610589,2015003786,NONE,20110100728A1,20110505,NONE,-1,20160919,Ex Parte Chen,NONE
4.17,12606221,2015001805,NONE,20110099199A1,20110428,NONE,-1,20160919,Ex Parte Stalenhoef et al,NONE
4.18,12579404,2015005321,NONE,20100153447A1,20100617,NONE,-1,20160919,Ex Parte Johnson et al,NONE
4.19,12543141,2015001938,NONE,20110044536A1,20110224,NONE,-1,20160919,Ex Parte Cobb et al,NONE
4.20,12539965,2015003766,NONE,20100042327A1,20100218,NONE,-1,20160919,Ex Parte Garvey et al,NONE
4.21,12511835,2015004520,NONE,20090283859A1,20091119,NONE,-1,20160919,Ex Parte Esmark et al,NONE
4.22,12480539,2015004106,NONE,20100307702A1,20101209,NONE,-1,20160919,Ex Parte Mann et al,NONE
4.23,12462076,2014007147,NONE,20100039868A1,20100218,NONE,-1,20160919,Ex Parte Mitchell et al,NONE
4.24,12451856,2015003920,NONE,20100128803A1,20100527,NONE,-1,20160919,Ex Parte Divorra Escoda et al,NONE
4.25,12849026,2015003070,NONE,20120036458A1,20120209,NONE,-1,20160919,Ex Parte MINOV et al,NONE
4.26,12851655,2014008770,NONE,20110032202A1,20110210,NONE,-1,20160919,Ex Parte AOYAGI et al,NONE
4.27,12800906,2015004533,NONE,20110292759A1,20111201,NONE,-1,20160919,Ex Parte S¿dow et al,NONE
4.28,12718784,2014005212,NONE,20100228573A1,20100909,NONE,-1,20160919,Ex Parte Quinlan et al,NONE
4.29,12677674,2015007308,NONE,20100287164A1,20101111,NONE,-1,20160919,Ex Parte Vogel et al,NONE
4.30,13011688,2015006903,NONE,20110113067A1,20110512,NONE,-1,20160919,Ex Parte Homer,NONE
4.31,13007792,2015005905,NONE,20120183271A1,20120719,NONE,-1,20160919,Ex Parte Forutanpour et al,NONE
4.32,12994660,2015001761,NONE,20110081953A1,20110407,NONE,-1,20160919,Ex Parte Higuchi,NONE
4.33,12988671,2015003935,NONE,20110039497A1,20110217,NONE,-1,20160919,Ex Parte Hammarwall et al,NONE
4.34,12962460,2015007408,NONE,20110296912A1,20111208,NONE,-1,20160919,Ex Parte Merz et al,NONE
4.35,12947537,2015006640,NONE,20120124398A1,20120517,NONE,-1,20160919,Ex Parte DIAB,NONE
4.36,12918020,2015002920,NONE,20110116601A1,20110519,NONE,-1,20160919,Ex Parte Aoude et al,NONE
4.37,12907535,2015003583,NONE,20120063465A1,20120315,NONE,-1,20160919,Ex Parte Keesara et al,NONE
4.38,13173940,2015006508,NONE,20130003089A1,20130103,NONE,-1,20160919,Ex Parte MOROVIC et al,NONE
4.39,13153572,2015006895,NONE,20120226684A1,20120906,NONE,-1,20160919,Ex Parte Holt,NONE
4.40,13132632,2015006058,NONE,20110243034A1,20111006,NONE,-1,20160919,Ex Parte Yamada et al,NONE
4.41,13139822,2015000269,NONE,20110250958A1,20111013,NONE,-1,20160919,Ex Parte Aarts et al,NONE
4.42,13129174,2015006721,NONE,20110248830A1,20111013,NONE,-1,20160919,Ex Parte Jeppesen,NONE
4.43,13106619,2015001764,NONE,20120288286A1,20121115,NONE,-1,20160919,Ex Parte Houtsma et al,NONE
4.44,13095259,2015003091,NONE,20120212580A1,20120823,NONE,-1,20160919,Ex Parte SHIKATA et al,NONE
4.45,13095420,2015003022,NONE,20110199088A1,20110818,NONE,-1,20160919,Ex Parte Bittar,NONE
4.46,13101388,2014008947,NONE,20110272032A1,20111110,NONE,-1,20160919,Ex Parte Varaksin et al,NONE
4.47,11320066,2013010367,NONE,20070149237A1,20070628,NONE,-1,20160916,Ex Parte Russell et al,NONE
4.48,11167763,2015001330,NONE,20070012349A1,20070118,NONE,-1,20160916,Ex Parte Gaudiana et al,NONE
4.49,10727793,2015003737,NONE,20050010953A1,20050113,NONE,-1,20160916,Ex Parte Carney et al,NONE
4.50,10677660,2015004543,NONE,20050091355A1,20050428,NONE,-1,20160916,Ex Parte Keohane et al,NONE
4.51,10492414,2014008351,NONE,20040253445A1,20041216,NONE,-1,20160916,Ex Parte Samejima et al,NONE
4.52,11911600,2015004103,NONE,20080161997A1,20080703,NONE,-1,20160916,Ex Parte Wengelnik et al,NONE
4.53,11762759,2015005331,NONE,20070291743A1,20071220,NONE,-1,20160916,Ex Parte Froment et al,NONE
4.54,11747881,2014005871,NONE,20080279343A1,20081113,NONE,-1,20160916,Ex Parte Bentley et al,NONE
4.55,11735976,2014008220,NONE,20070245052A1,20071018,NONE,-1,20160916,Ex Parte HUANG et al,NONE
4.56,11699497,2014005026,NONE,20070262478A1,20071115,NONE,-1,20160916,Ex Parte Price et al,NONE
4.57,12332739,2014005860,NONE,20100150309A1,20100617,NONE,-1,20160916,Ex Parte Nord et al,NONE
4.58,12276072,2015002646,NONE,20100131717A1,20100527,NONE,-1,20160916,Ex Parte Dumarot et al,NONE
4.59,12118829,2015002359,NONE,20090282327A1,20091112,NONE,-1,20160916,Ex Parte Hamilton et al,NONE
5.0,12085399,2015004134,NONE,20090162648A1,20090625,NONE,-1,20160916,Ex Parte Kaiser et al,NONE
5.1,12660084,2014000876,NONE,20110208592A1,20110825,NONE,-1,20160916,Ex Parte Golder,NONE
5.2,12610861,2015002347,NONE,20110105098A1,20110505,NONE,-1,20160916,Ex Parte TENGLER et al,NONE
5.3,12857232,2014004038,NONE,20120039968A1,20120216,NONE,-1,20160916,Ex Parte Ge,NONE
5.4,12846538,2013010979,NONE,20110029911A1,20110203,NONE,-1,20160916,Ex Parte Schroeder,NONE
5.5,12831439,2015002503,NONE,20120008450A1,20120112,NONE,-1,20160916,Ex Parte Turner et al,NONE
5.6,12811815,2015002424,NONE,20100278111A1,20101104,NONE,-1,20160916,Ex Parte Kashima et al,NONE
5.7,12788669,2014008796,NONE,20110043464A1,20110224,NONE,-1,20160916,Ex Parte LEE et al,NONE
5.8,12775731,2014000939,NONE,20100293111A1,20101118,NONE,-1,20160916,Ex Parte VAN GORP et al,NONE
5.9,13023907,2015000265,NONE,20120204249A1,20120809,NONE,-1,20160916,Ex Parte Gonzalez et al,NONE
5.10,13007175,2015005825,NONE,20120185489A1,20120719,NONE,-1,20160916,Ex Parte Shah et al,NONE
5.11,12975589,2014006948,NONE,20120164224A1,20120628,NONE,-1,20160916,Ex Parte Wang et al,NONE
5.12,12957232,2014008881,NONE,20120132725A1,20120531,NONE,-1,20160916,Ex Parte Dinu,NONE
5.13,12909220,2014003808,NONE,20110098603A1,20110428,NONE,-1,20160916,Ex Parte Deirmengian et al,NONE
5.14,12888706,2014008667,NONE,20110011133A1,20110120,NONE,-1,20160916,Ex Parte MOSELER et al,NONE
5.15,13201871,2014009024,NONE,20120006247A1,20120112,NONE,-1,20160916,Ex Parte Piter et al,NONE
5.16,13178054,2014009555,NONE,20130012808A1,20130110,NONE,-1,20160916,Ex Parte Govari et al,NONE
5.17,13121347,2014009122,NONE,20110234894A1,20110929,NONE,-1,20160916,Ex Parte Van Eggelen et al,NONE
5.18,13113126,2015004325,NONE,20120301645A1,20121129,NONE,-1,20160916,Ex Parte Moussa et al,NONE
5.19,13098553,2015002033,NONE,20110203917A1,20110825,NONE,-1,20160916,Ex Parte Shmueli et al,NONE
5.20,13045012,2015000952,NONE,20120227160A1,20120913,NONE,-1,20160916,Ex Parte MCGOOGAN,NONE
5.21,13389193,2014005252,NONE,20120193258A1,20120802,NONE,-1,20160916,Ex Parte Männikkö,NONE
5.22,13284573,2015002720,NONE,20120112711A1,20120510,NONE,-1,20160916,Ex Parte ZHANG et al,NONE
5.23,13216457,2015000309,NONE,20110307912A1,20111215,NONE,-1,20160916,Ex Parte Karaoguz et al,NONE
5.24,13219070,2014005515,NONE,20130052359A1,20130228,NONE,-1,20160916,Ex Parte Ahmadi et al,NONE
5.25,13414940,2015006666,NONE,20130166997A1,20130627,NONE,-1,20160916,Ex Parte Hadley et al,NONE
5.26,13414964,2015006816,NONE,20130167015A1,20130627,NONE,-1,20160916,Ex Parte Hadley et al,NONE
5.27,13422265,2014003649,NONE,20130240401A1,20130919,NONE,-1,20160916,Ex Parte Hall,NONE
5.28,95002354,2015004784,NONE,NONE,-1,NONE,-1,20160916,"Ex Parte 6,605,038  B1 et al",NONE
5.29,95002360,2015007930,NONE,NONE,-1,NONE,-1,20160916,Ex Parte 7285090 et al,NONE
5.30,90013146,2016005175,NONE,NONE,-1,NONE,-1,20160916,Ex Parte RE41922 et al,NONE
5.31,14039202,2015001773,NONE,20140024334A1,20140123,NONE,-1,20160916,Ex Parte Berry et al,NONE
5.32,14155008,2015007283,NONE,20150033322A1,20150129,NONE,-1,20160916,Ex Parte Wang et al,NONE
5.33,13887813,2015000957,NONE,20130245747A1,20130919,NONE,-1,20160916,Ex Parte Jordan et al,NONE
5.34,13732527,2015005821,NONE,20140157301A1,20140605,NONE,-1,20160916,Ex Parte Saremi,NONE
5.35,13692635,2015004657,NONE,20130088965A1,20130411,NONE,-1,20160916,Ex Parte Pais et al,NONE
5.36,13654485,2014009737,NONE,20130036746A1,20130214,NONE,-1,20160916,Ex Parte Graham,NONE
5.37,10761237,2013010345,NONE,20050090020A1,20050428,NONE,-1,20160915,Ex Parte Wendel et al,NONE
5.38,13652275,2014005070,NONE,20130036742A1,20130214,NONE,-1,20160915,Ex Parte Chila,NONE
5.39,12015345,2015002480,NONE,20080200632A1,20080821,NONE,-1,20160915,Ex Parte Kowaleski et al,NONE
5.40,11969068,2014007464,NONE,20080172098A1,20080717,NONE,-1,20160915,Ex Parte Gunderson,NONE
5.41,11936940,2015005184,NONE,20090125827A1,20090514,NONE,-1,20160915,Ex Parte Zeigler et al,NONE
5.42,12389696,2014009277,NONE,20090216233A1,20090827,NONE,-1,20160915,Ex Parte Wiedrich et al,NONE
5.43,12373619,2014005810,NONE,20100063467A1,20100311,NONE,-1,20160915,Ex Parte Addison et al,NONE
5.44,12114660,2015002090,NONE,20090276728A1,20091105,NONE,-1,20160915,Ex Parte Doan et al,NONE
5.45,12629943,2014001956,NONE,20100098912A1,20100422,NONE,-1,20160915,Ex Parte Snyder et al,NONE
5.46,12473140,2015005937,NONE,20100304720A1,20101202,NONE,-1,20160915,Ex Parte Lucero et al,NONE
5.47,12852380,2014006895,NONE,20110034846A1,20110210,NONE,-1,20160915,Ex Parte Draper,NONE
5.48,12714241,2015000659,NONE,20110211761A1,20110901,NONE,-1,20160915,Ex Parte Wang,NONE
5.49,12693979,2015005020,NONE,20100188421A1,20100729,NONE,-1,20160915,Ex Parte OHWA et al,NONE
5.50,12688566,2014008319,NONE,20110177377A1,20110721,NONE,-1,20160915,Ex Parte Dube,NONE
5.51,12690982,2015004499,NONE,20100185478A1,20100722,NONE,-1,20160915,Ex Parte An et al,NONE
5.52,12649945,2015003147,NONE,20100119920A1,20100513,NONE,-1,20160915,Ex Parte Logan et al,NONE
5.53,13019422,2014003702,NONE,20120135870A1,20120531,NONE,-1,20160915,Ex Parte Rothberg et al,NONE
5.54,12982156,2015002705,NONE,20110157170A1,20110630,NONE,-1,20160915,Ex Parte Bennett et al,NONE
5.55,13164965,2015002577,NONE,20120331181A1,20121227,NONE,-1,20160915,Ex Parte Govande et al,NONE
5.56,13166693,2015004643,NONE,20120331167A1,20121227,NONE,-1,20160915,Ex Parte HUNT,NONE
5.57,13047205,2015002279,NONE,20120154231A1,20120621,NONE,-1,20160915,Ex Parte Puente Baliarda et al,NONE
5.58,13247429,2015000313,NONE,20120063891A1,20120315,NONE,-1,20160915,Ex Parte Krückels et al,NONE
5.59,13216748,2015000310,NONE,20130054050A1,20130228,NONE,-1,20160915,Ex Parte Filev et al,NONE
6.0,13593995,2014009182,NONE,20140053798A1,20140227,NONE,-1,20160915,Ex Parte Krause et al,NONE
6.1,13557595,2015004218,NONE,20140029747A1,20140130,NONE,-1,20160915,Ex Parte Kamieniecki et al,NONE
6.2,13514148,2015002970,NONE,20120245400A1,20120927,NONE,-1,20160915,Ex Parte Clark et al,NONE
6.3,13456358,2014008402,NONE,20120209235A1,20120816,NONE,-1,20160915,Ex Parte Mansfield et al,NONE
6.4,13412253,2015004897,NONE,20130232109A1,20130905,NONE,-1,20160915,Ex Parte DEFFLER,NONE
6.5,13403175,2015003789,NONE,20130222245A1,20130829,NONE,-1,20160915,Ex Parte Ashcraft et al,NONE
6.6,13405680,2015002964,NONE,20130222269A1,20130829,NONE,-1,20160915,Ex Parte Lindsay et al,NONE
6.7,13375052,2015003379,NONE,20120157653A1,20120621,NONE,-1,20160915,Ex Parte König et al,NONE
6.8,90012590,2016006522,NONE,NONE,-1,NONE,-1,20160915,Ex Parte 6243099 et al,NONE
6.9,90013105,2016000698,NONE,NONE,-1,NONE,-1,20160915,Ex Parte 8140663 et al,NONE
6.10,14094637,2015003717,NONE,20140164418A1,20140612,NONE,-1,20160915,Ex Parte Etchegoyen,NONE
6.11,14111288,2016006721,NONE,20140029382A1,20140130,NONE,-1,20160915,Ex Parte Donderici et al,NONE
6.12,13675043,2014006563,NONE,20130251486A1,20130926,NONE,-1,20160915,Ex Parte POLLARD,NONE
6.13,12041889,2015002967,NONE,20080145551A1,20080619,NONE,-1,20160915,Ex Parte KUNISHI et al,NONE
6.14,10868312,2011001447,NONE,20050275662A1,20051215,NONE,-1,20160914,Ex Parte DiStefano,NONE
6.15,13719693,2014008035,NONE,20130190949A1,20130725,NONE,-1,20160914,Ex Parte CONSTANS et al,NONE
6.16,11575928,2015002009,NONE,20090053094A1,20090226,NONE,-1,20160914,Ex Parte Morimoto et al,NONE
6.17,12420111,2015005074,NONE,20100092049A1,20100415,NONE,-1,20160914,Ex Parte Schroeder et al,NONE
6.18,12373829,2015005891,NONE,20100007601A1,20100114,NONE,-1,20160914,Ex Parte Lashina et al,NONE
6.19,12380423,2014009576,NONE,20090230178A1,20090917,NONE,-1,20160914,Ex Parte Stahlecker et al,NONE
6.20,12305724,2015005374,NONE,20100287595A1,20101111,NONE,-1,20160914,Ex Parte Boenke,NONE
6.21,12264627,2014005872,NONE,20090125335A1,20090514,NONE,-1,20160914,Ex Parte Manetta et al,NONE
6.22,12207984,2014009098,NONE,20090076542A1,20090319,NONE,-1,20160914,Ex Parte Jonn et al,NONE
6.23,12163021,2014008941,NONE,20080255610A1,20081016,NONE,-1,20160914,Ex Parte Jonn et al,NONE
6.24,12107215,2015005368,NONE,20090262242A1,20091022,NONE,-1,20160914,Ex Parte Castano,NONE
6.25,12613623,2015003575,NONE,20140289623A1,20140925,NONE,-1,20160914,Ex Parte Riggs et al,NONE
6.26,12569074,2015000006,NONE,20110077565A1,20110331,NONE,-1,20160914,Ex Parte Hanlon et al,NONE
6.27,12499979,2015003926,NONE,20110007156A1,20110113,NONE,-1,20160914,Ex Parte Sankaranarayanan et al,NONE
6.28,12469293,2015000251,NONE,20100298851A1,20101125,NONE,-1,20160914,Ex Parte Nield,NONE
6.29,12449079,2014007755,NONE,20110000259A1,20110106,NONE,-1,20160914,Ex Parte Strnad et al,NONE
6.30,12864301,2014001933,NONE,20100310487A1,20101209,NONE,-1,20160914,Ex Parte Beilfuss et al,NONE
6.31,12865610,2015002540,NONE,20110174195A1,20110721,NONE,-1,20160914,Ex Parte Lesueur et al,NONE
6.32,12856773,2014009459,NONE,20120048955A1,20120301,NONE,-1,20160914,Ex Parte Lin et al,NONE
6.33,12822458,2015002952,NONE,20110316146A1,20111229,NONE,-1,20160914,Ex Parte Pagaila et al,NONE
6.34,12677721,2015005600,NONE,20100190879A1,20100729,NONE,-1,20160914,Ex Parte Ludemann et al,NONE
6.35,13001096,2015000263,NONE,20110134663A1,20110609,NONE,-1,20160914,Ex Parte Sakakibara,NONE
6.36,13009751,2015000264,NONE,20120183165A1,20120719,NONE,-1,20160914,Ex Parte Foo et al,NONE
6.37,12952711,2015002697,NONE,20110124729A1,20110526,NONE,-1,20160914,Ex Parte Wendel et al,NONE
6.38,12911513,2014009438,NONE,20120098870A1,20120426,NONE,-1,20160914,Ex Parte Barnhoefer et al,NONE
6.39,13202989,2015005129,NONE,20120113963A1,20120510,NONE,-1,20160914,Ex Parte Liberg et al,NONE
6.40,13142121,2015003042,NONE,20110255625A1,20111020,NONE,-1,20160914,Ex Parte Song et al,NONE
6.41,13109743,2013006685,NONE,20110298215A1,20111208,NONE,-1,20160914,Ex Parte Wille et al,NONE
6.42,13065935,2015003646,NONE,20110305953A1,20111215,NONE,-1,20160914,Ex Parte Kim et al,NONE
6.43,13384655,2014005251,NONE,20120187812A1,20120726,NONE,-1,20160914,Ex Parte Gerst,NONE
6.44,13529524,2015001211,NONE,20120329653A1,20121227,NONE,-1,20160914,Ex Parte Mann et al,NONE
6.45,13508903,2015003296,NONE,20120238714A1,20120920,NONE,-1,20160914,Ex Parte Detournay et al,NONE
6.46,13513640,2015003389,NONE,20120244091A1,20120927,NONE,-1,20160914,Ex Parte Chopra et al,NONE
6.47,13460267,2015001710,NONE,20130290997A1,20131031,NONE,-1,20160914,Ex Parte Meijer et al,NONE
6.48,13422571,2015003676,NONE,20130240530A1,20130919,NONE,-1,20160914,Ex Parte Glaser et al,NONE
6.49,13425619,2015005858,NONE,20130254762A1,20130926,NONE,-1,20160914,Ex Parte COCHRAN,NONE
6.50,13383269,2015003756,NONE,20120199459A1,20120809,NONE,-1,20160914,Ex Parte Reise,NONE
6.51,13872001,2015005014,NONE,20130238559A1,20130912,NONE,-1,20160914,Ex Parte Bushman,NONE
6.52,13765781,2015005519,NONE,20130207321A1,20130815,NONE,-1,20160914,Ex Parte Grove-Nielsen,NONE
6.53,13776633,2015001992,NONE,20130174169A1,20130704,NONE,-1,20160914,Ex Parte DAVIS et al,NONE
6.54,13794976,2014007809,NONE,20140083076A1,20140327,NONE,-1,20160914,Ex Parte Phillips et al,NONE
6.55,11863035,2015004102,NONE,20090089481A1,20090402,NONE,-1,20160914,Ex Parte Kapoor et al,NONE
6.56,11125327,2014003835,NONE,20050239576A1,20051027,NONE,-1,20160913,Ex Parte Stites et al,NONE
6.57,13620214,2015003682,NONE,20130071286A1,20130321,NONE,-1,20160913,Ex Parte Watson et al,NONE
6.58,11077491,2015004076,NONE,20050228893A1,20051013,NONE,-1,20160913,Ex Parte Devarapalli et al,NONE
6.59,10579069,2015000019,NONE,20070124865A1,20070607,NONE,-1,20160913,Ex Parte Stjerna,NONE
7.0,09750765,2012011287,NONE,20010019594A1,20010906,NONE,-1,20160913,Ex Parte Swartz,NONE
7.1,11608204,2014007750,NONE,20070075088A1,20070405,NONE,-1,20160913,Ex Parte Bezek,NONE
7.2,11567969,2014001082,NONE,20070094068A1,20070426,NONE,-1,20160913,Ex Parte Muller et al,NONE
7.3,12428006,2015004885,NONE,20100271189A1,20101028,NONE,-1,20160913,Ex Parte Miller et al,NONE
7.4,12403398,2015002530,NONE,20100235754A1,20100916,NONE,-1,20160913,Ex Parte Leitheiser,NONE
7.5,12793033,2015000694,NONE,20100309735A1,20101209,NONE,-1,20160913,Ex Parte Hayashi,NONE
7.6,12752748,2014005849,NONE,20100256690A1,20101007,NONE,-1,20160913,Ex Parte APPENZELLER et al,NONE
7.7,12921795,2014006647,NONE,20110125040A1,20110526,NONE,-1,20160913,Ex Parte Crawford et al,NONE
7.8,13131911,2014007748,NONE,20110233199A1,20110929,NONE,-1,20160913,Ex Parte Garcia Jimenez et al,NONE
7.9,13087551,2014009932,NONE,20110255818A1,20111020,NONE,-1,20160913,Ex Parte Vissers et al,NONE
7.10,13062595,2015003289,NONE,20110155309A1,20110630,NONE,-1,20160913,Ex Parte Steininger et al,NONE
7.11,13022133,2015000114,NONE,20110194608A1,20110811,NONE,-1,20160913,Ex Parte Rusert et al,NONE
7.12,13310267,2015003524,NONE,20130142962A1,20130606,NONE,-1,20160913,Ex Parte TEMPLEMAN,NONE
7.13,13237538,2014007341,NONE,20120011158A1,20120112,NONE,-1,20160913,Ex Parte Avner et al,NONE
7.14,13238281,2015002846,NONE,20130070233A1,20130321,NONE,-1,20160913,Ex Parte Chang et al,NONE
7.15,13225016,2014007171,NONE,20110317516A1,20111229,NONE,-1,20160913,Ex Parte TEIGEN et al,NONE
7.16,13487789,2014006834,NONE,20120239261A1,20120920,NONE,-1,20160913,Ex Parte Medwin et al,NONE
7.17,13490677,2014007761,NONE,20130333006A1,20131212,NONE,-1,20160913,Ex Parte TAPLING et al,NONE
7.18,13457653,2014008403,NONE,20130283696A1,20131031,NONE,-1,20160913,Ex Parte Zhang,NONE
7.19,13942317,2015004488,NONE,20130305306A1,20131114,NONE,-1,20160913,Ex Parte Cedervall et al,NONE
7.20,13698559,2015004917,NONE,20130063784A1,20130314,NONE,-1,20160913,Ex Parte Opfer et al,NONE
7.21,11013671,2015000302,NONE,20060130113A1,20060615,NONE,-1,20160913,Ex Parte Carlucci et al,NONE
7.22,11957036,2015000189,NONE,20080145493A1,20080619,NONE,-1,20160912,Ex Parte Myers et al,NONE
7.23,13915707,2015005756,NONE,20140019403A1,20140116,NONE,-1,20160912,Ex Parte Harrison et al,NONE
7.24,11544685,2013008487,NONE,20070094594A1,20070426,NONE,-1,20160912,Ex Parte Matichuk et al,NONE
7.25,11522345,2013006631,NONE,20080026960A1,20080131,NONE,-1,20160912,Ex Parte Munoz et al,NONE
7.26,11385354,2014009677,NONE,20070219680A1,20070920,NONE,-1,20160912,Ex Parte Kumar et al,NONE
7.27,12386574,2013001454,NONE,20100168529A1,20100701,NONE,-1,20160912,Ex Parte Hyde et al,NONE
7.28,12376918,2014009970,NONE,20100327653A1,20101230,NONE,-1,20160912,Ex Parte Wygnanski et al,NONE
7.29,12314962,2014009273,NONE,20100050364A1,20100304,NONE,-1,20160912,Ex Parte Oh et al,NONE
7.30,12316446,2013000667,NONE,20100150292A1,20100617,NONE,-1,20160912,Ex Parte Hyde et al,NONE
7.31,12633883,2015000678,NONE,20110135702A1,20110609,NONE,-1,20160912,Ex Parte Hoffman et al,NONE
7.32,12631300,2014008955,NONE,20100139669A1,20100610,NONE,-1,20160912,Ex Parte Piferi et al,NONE
7.33,12616547,2015002590,NONE,20100116711A1,20100513,NONE,-1,20160912,Ex Parte Wong et al,NONE
7.34,12620537,2014007463,NONE,20110116906A1,20110519,NONE,-1,20160912,Ex Parte Smith et al,NONE
7.35,12570002,2015002332,NONE,20100078197A1,20100401,NONE,-1,20160912,Ex Parte MIYAGISHIMA et al,NONE
7.36,12533985,2015000852,NONE,20100309975A1,20101209,NONE,-1,20160912,Ex Parte ZHOU et al,NONE
7.37,12540394,2015000228,NONE,20110036391A1,20110217,NONE,-1,20160912,Ex Parte McCormick et al,NONE
7.38,12795904,2014007564,NONE,20100248851A1,20100930,NONE,-1,20160912,Ex Parte Davison et al,NONE
7.39,12767468,2015003823,NONE,20110262520A1,20111027,NONE,-1,20160912,Ex Parte Dormady et al,NONE
7.40,12685910,2015002471,NONE,20100140664A1,20100610,NONE,-1,20160912,Ex Parte Sheppard et al,NONE
7.41,12688219,2014007103,NONE,20100174281A1,20100708,NONE,-1,20160912,Ex Parte Jahns et al,NONE
7.42,12977397,2014008838,NONE,20120160965A1,20120628,NONE,-1,20160912,Ex Parte Muller,NONE
7.43,12955323,2014008834,NONE,20120134839A1,20120531,NONE,-1,20160912,Ex Parte Parkin et al,NONE
7.44,12891102,2015005089,NONE,20120075066A1,20120329,NONE,-1,20160912,Ex Parte Machireddy et al,NONE
7.45,12877631,2014009238,NONE,20120096661A1,20120426,NONE,-1,20160912,Ex Parte Pizano et al,NONE
7.46,12887121,2015000199,NONE,20110100413A1,20110505,NONE,-1,20160912,Ex Parte Clevenger et al,NONE
7.47,13118046,2016006320,NONE,20120005026A1,20120105,NONE,-1,20160912,Ex Parte Khan et al,NONE
7.48,13113685,2015000151,NONE,20120300421A1,20121129,NONE,-1,20160912,Ex Parte Askarinya et al,NONE
7.49,13097287,2015003511,NONE,20110205376A1,20110825,NONE,-1,20160912,Ex Parte Wulff et al,NONE
7.50,13083821,2014005383,NONE,20120181332A1,20120719,NONE,-1,20160912,Ex Parte Langley et al,NONE
